{
  "project_info": {
    "project_number": "185019563525",
    "project_id": "practicalogin-5d62a",
    "storage_bucket": "practicalogin-5d62a.appspot.com"
  },
  "client": [
    {
      "client_info": {
        "mobilesdk_app_id": "1:185019563525:android:76ea1d5538e960d753e66c",
        "android_client_info": {
          "package_name": "com.example.mebe"
        }
      },
      "oauth_client": [
        {
          "client_id": "185019563525-i1cksrv91l4esj3kd3td7ifs96e9lm3g.apps.googleusercontent.com",
          "client_type": 3
        }
      ],
      "api_key": [
        {
          "current_key": "AIzaSyC6GwO014HvSDUO5cya_1NbZM79we040xA"
        }
      ],
      "services": {
        "appinvite_service": {
          "other_platform_oauth_client": [
            {
              "client_id": "185019563525-i1cksrv91l4esj3kd3td7ifs96e9lm3g.apps.googleusercontent.com",
              "client_type": 3
            }
          ]
        }
      }
    },
    {
      "client_info": {
        "mobilesdk_app_id": "1:185019563525:android:3f90248866881b9953e66c",
        "android_client_info": {
          "package_name": "com.login"
        }
      },
      "oauth_client": [
        {
          "client_id": "185019563525-i1cksrv91l4esj3kd3td7ifs96e9lm3g.apps.googleusercontent.com",
          "client_type": 3
        }
      ],
      "api_key": [
        {
          "current_key": "AIzaSyC6GwO014HvSDUO5cya_1NbZM79we040xA"
        }
      ],
      "services": {
        "appinvite_service": {
          "other_platform_oauth_client": [
            {
              "client_id": "185019563525-i1cksrv91l4esj3kd3td7ifs96e9lm3g.apps.googleusercontent.com",
              "client_type": 3
            }
          ]
        }
      }
    }
  ],
  "configuration_version": "1"
}